id,title_en,title_ar,description_en,description_ar,deal_type,discount_value,code,valid_from,valid_to,source,source_url,image_url,last_seen,r_slug,r_name_en,r_name_ar,r_ig_handle,r_cuisine,r_area,r_lat,r_lng,r_logo_url
31,Spritz and Cicchetti,,QR 95 · 4pm - 7pm,,other,,,,2026-07-04,factqatar,https://factqatar.com/the-best-dining-deals-in-qatar/,,2026-06-13T17:46:48+00:00,adrift-anda,ADRIFT Anda,,,,Lusail,,,
32,Pausa Pranzo - Business Lunch,,QR 95 · 12pm - 4pm,,set_menu,,,,2026-07-04,factqatar,https://factqatar.com/the-best-dining-deals-in-qatar/,,2026-06-13T17:46:48+00:00,adrift-anda,ADRIFT Anda,,,,Lusail,,,
33,Limitless Pizza and Pasta,,QR 140 · 6.30pm - 9pm,,other,,,,2026-07-04,factqatar,https://factqatar.com/the-best-dining-deals-in-qatar/,,2026-06-13T17:46:48+00:00,adrift-anda,ADRIFT Anda,,,,Lusail,,,
130,Special offer,,,,other,,,,2026-07-04,offernmenu,https://offernmenu.com/offer/pinkberry/,,2026-06-13T17:46:48+00:00,auto-draft,AUTO-DRAFT,,,,Doha,,,
56,Sips Hour,,QR 30 · 4pm - 7pm,,other,,,,2026-07-04,factqatar,https://factqatar.com/the-best-dining-deals-in-qatar/,,2026-06-13T17:46:48+00:00,ayjya,AYjYA,,,,Doha,,,
118,Special offer,,,,other,,,,2026-07-04,offernmenu,https://offernmenu.com/offer/absolute-barbecues-doha-offer/,,2026-06-13T17:46:48+00:00,absolute-barbecues,Absolute Barbecues,,,,,,,
139,Special offer,,,,other,,,,2026-07-04,offernmenu,https://offernmenu.com/offer/ahmad-alabdalla-chicken-2/,,2026-06-13T17:46:48+00:00,ahmad-alabdalla-chicken,Ahmad AlAbdalla Chicken,,,,Doha,,,
183,Lunch offer,,QAR85,,other,,,,2026-07-04,marhaba,https://marhaba.qa/business-lunch-deals-in-qatar/,,2026-06-13T17:46:48+00:00,ahwet-zeitouna,Ahwet Zeitouna,,,,,,,
153,Special offer,,,,other,,,,2026-07-04,offernmenu,https://offernmenu.com/offer/ahwet-zeitouna-restaurant-shisha/,,2026-06-13T17:46:48+00:00,ahwet-zeitouna-restaurant,Ahwet Zeitouna Restaurant,,,,,,,
149,Special offer,,,,other,,,,2026-07-04,offernmenu,https://offernmenu.com/offer/al-arzeh-premium-restaurant-3/,,2026-06-13T17:46:48+00:00,al-arzeh-premium-restaurant-shisha,Al ARZEH PREMIUM RESTAURANT (Shisha),,,,,,,
22,Business Lunch,,QR 99 · 12pm - 3pm,,set_menu,,,,2026-07-04,factqatar,https://factqatar.com/the-best-dining-deals-in-qatar/,,2026-06-13T17:46:48+00:00,al-jalsa-garden-lounge,Al Jalsa Garden Lounge,,,,Doha,,,
146,Special offer,,,,other,,,,2026-07-04,offernmenu,https://offernmenu.com/offer/al-jalsa-garden-lounge-3/,,2026-06-13T17:46:48+00:00,al-jalsa-garden-lounge-shisha,Al Jalsa Garden Lounge Shisha,,,,,,,
177,Lunch offer,,QAR195,,other,,,,2026-07-04,marhaba,https://marhaba.qa/business-lunch-deals-in-qatar/,,2026-06-13T17:46:48+00:00,al-liwan-restaurant,Al Liwan Restaurant,,,,,,,
164,Lunch offer,,QAR99,,other,,,,2026-07-04,marhaba,https://marhaba.qa/business-lunch-deals-in-qatar/,,2026-06-13T17:46:48+00:00,al-nafourah-garden,Al Nafourah Garden,,,,,,,
172,Lunch offer,,QAR98,,other,,,,2026-07-04,marhaba,https://marhaba.qa/business-lunch-deals-in-qatar/,,2026-06-13T17:46:48+00:00,al-sufra-by-mama-halima,Al Sufra by Mama Halima,,,,,,,
1,Afternoon Tea,,QR 195 · 3pm - 6pm,,set_menu,,,,2026-07-04,factqatar,https://factqatar.com/the-best-dining-deals-in-qatar/,,2026-06-13T17:46:48+00:00,al-amma,Al' Amma,,,,Doha,,,
176,Lunch offer,,QAR75,,other,,,,2026-07-04,marhaba,https://marhaba.qa/business-lunch-deals-in-qatar/,,2026-06-13T17:46:48+00:00,anis-caf,Anis Café,,,,,,,
20,Cakes at Antoinette's,,QR 180,,other,,,,2026-07-04,factqatar,https://factqatar.com/the-best-dining-deals-in-qatar/,,2026-06-13T17:46:48+00:00,antoinette-s,Antoinette's,,,,Doha,,,
21,3D and Bespoke Cake,,QR 250,,other,,,,2026-07-04,factqatar,https://factqatar.com/the-best-dining-deals-in-qatar/,,2026-06-13T17:46:48+00:00,antoinette-s,Antoinette's,,,,Doha,,,
40,Sundowner Evenings,,4pm - 7pm,,discount_pct,30.0,,,2026-07-04,factqatar,https://factqatar.com/the-best-dining-deals-in-qatar/,,2026-06-13T17:46:48+00:00,aqua,Aqua,,,,Doha,,,
41,Crafted Beverages and Pizza,,QR 180 · 7pm - 12am,,other,,,,2026-07-04,factqatar,https://factqatar.com/the-best-dining-deals-in-qatar/,,2026-06-13T17:46:48+00:00,aqua,Aqua,,,,Doha,,,
54,Sundowner Hours,,QR 36 · 5pm - 8pm,,other,,,,2026-07-04,factqatar,https://factqatar.com/the-best-dining-deals-in-qatar/,,2026-06-13T17:46:48+00:00,aqua-lounge,Aqua Lounge,,,,Doha,,,
55,Savour The Flavour,,QR 99 · 5pm - 7pm,,other,,,,2026-07-04,factqatar,https://factqatar.com/the-best-dining-deals-in-qatar/,,2026-06-13T17:46:48+00:00,aqua-lounge,Aqua Lounge,,,,Doha,,,
124,Special offer,,,,other,,,,2026-07-04,offernmenu,https://offernmenu.com/offer/asiana-restaurant-banquet-hall-buffet/,,2026-06-13T17:46:48+00:00,asiana-restaurant-banquet-hall,Asiana Restaurant & Banquet Hall,,,,,,,
14,Chic Mornings,,QR 45 · 8am - 11am,,set_menu,,,,2026-07-04,factqatar,https://factqatar.com/the-best-dining-deals-in-qatar/,,2026-06-13T17:46:48+00:00,atteatude,AtTeatude,,,,Doha,,,
15,Express Lunch,,QR 60 · 12pm - 4pm,,other,,,,2026-07-04,factqatar,https://factqatar.com/the-best-dining-deals-in-qatar/,,2026-06-13T17:46:48+00:00,atteatude,AtTeatude,,,,Doha,,,
16,Afternoon Tea,,QR 150 · 3pm - 6pm,,set_menu,,,,2026-07-04,factqatar,https://factqatar.com/the-best-dining-deals-in-qatar/,,2026-06-13T17:46:48+00:00,atteatude,AtTeatude,,,,Doha,,,
145,Special offer,,,,other,,,,2026-07-04,offernmenu,https://offernmenu.com/offer/ayam-al-taybeen/,,2026-06-13T17:46:48+00:00,ayam-al-taybeen,Ayam Al Taybeen,,,,,,,
141,Special offer,,,,other,,,,2026-07-04,offernmenu,https://offernmenu.com/offer/azima-restaurant/,,2026-06-13T17:46:48+00:00,azima-restaurant,Azima Restaurant,,,,Doha,,,
90,B-Lunch,,QR 165 · 12pm - 4pm,,set_menu,,,,2026-07-04,factqatar,https://factqatar.com/the-best-dining-deals-in-qatar/,,2026-06-13T17:46:48+00:00,b-lounge,B-Lounge,,,,Doha,,,
42,Winter Afternoon Tea,,QR 260 · 12pm - 9pm,,set_menu,,,,2026-07-04,factqatar,https://factqatar.com/the-best-dining-deals-in-qatar/,,2026-06-13T17:46:48+00:00,baraha-lounge,Baraha Lounge,,,,Doha,,,
182,Set menu,,QAR95,,set_menu,,,,2026-07-04,marhaba,https://marhaba.qa/business-lunch-deals-in-qatar/,,2026-06-13T17:46:48+00:00,bay-view,Bay View,,,,,,,
74,The Tomahawk Experience,,QR 560 · 6pm - 11pm,,set_menu,,,,2026-07-04,factqatar,https://factqatar.com/the-best-dining-deals-in-qatar/,,2026-06-13T17:46:48+00:00,bentley-s-grill,Bentley's Grill,,,,Doha,,,
19,Dine under the Stars,,QR 199 · 5pm - 11pm,,other,,,,2026-07-04,factqatar,https://factqatar.com/the-best-dining-deals-in-qatar/,,2026-06-13T17:46:48+00:00,blu-terrace,Blu Terrace,,,,Al Sadd,,,
131,Special offer,,,,other,,,,2026-07-04,offernmenu,https://offernmenu.com/offer/brooks-cafe-2/,,2026-06-13T17:46:48+00:00,brooks-cafe,Brooks Cafe,,,,Doha,,,
140,Special offer,,,,other,,,,2026-07-04,offernmenu,https://offernmenu.com/offer/brorito-restaurant/,,2026-06-13T17:46:48+00:00,brorito-restaurant,Brorito Restaurant,,,,Doha,,,
112,Special offer,,,,other,,,,2026-07-04,offernmenu,https://offernmenu.com/offer/cup-go-2/,,2026-06-13T17:46:48+00:00,cup-go,CUP & GO,,,,,,,
44,Vibrant Sips Mocktail Class,,QR 79 · 3pm - 5pm,,other,,,,2026-07-04,factqatar,https://factqatar.com/the-best-dining-deals-in-qatar/,,2026-06-13T17:46:48+00:00,campagnia-caffe,Campagnia Caffe,,,,,,,
45,Business Lunch,,QR 70 · 12pm - 3pm,,other,,,,2026-07-04,factqatar,https://factqatar.com/the-best-dining-deals-in-qatar/,,2026-06-13T17:46:48+00:00,campagnia-caffe,Campagnia Caffe,,,,,,,
46,Express Dinner,,QR 85 · 6pm - 9pm,,other,,,,2026-07-04,factqatar,https://factqatar.com/the-best-dining-deals-in-qatar/,,2026-06-13T17:46:48+00:00,campagnia-caffe,Campagnia Caffe,,,,,,,
47,Weekend Wakeup,,QR 99 · 7am to 2pm,,set_menu,,,,2026-07-04,factqatar,https://factqatar.com/the-best-dining-deals-in-qatar/,,2026-06-13T17:46:48+00:00,campagnia-caffe,Campagnia Caffe,,,,,,,
48,BYOM for a Latte Love,,QR 29 · 7am - 9pm,,other,,,,2026-07-04,factqatar,https://factqatar.com/the-best-dining-deals-in-qatar/,,2026-06-13T17:46:48+00:00,campagnia-caffe,Campagnia Caffe,,,,,,,
49,Sips of Winter,,QR 25 · 7am - 9pm,,other,,,,2026-07-04,factqatar,https://factqatar.com/the-best-dining-deals-in-qatar/,,2026-06-13T17:46:48+00:00,campagnia-caffe,Campagnia Caffe,,,,,,,
170,Lunch offer,,QAR85,,other,,,,2026-07-04,marhaba,https://marhaba.qa/business-lunch-deals-in-qatar/,,2026-06-13T17:46:48+00:00,campagnia-caffe,Campagnia Caffe,,,,,,,
178,Lunch offer,,QAR99,,other,,,,2026-07-04,marhaba,https://marhaba.qa/business-lunch-deals-in-qatar/,,2026-06-13T17:46:48+00:00,casa-verde,Casa Verde,,,,,,,
179,Upgrade your main course for,,QAR30,,other,,,,2026-07-04,marhaba,https://marhaba.qa/business-lunch-deals-in-qatar/,,2026-06-13T17:46:48+00:00,casa-verde,Casa Verde,,,,,,,
180,Set menu,,QAR125,,set_menu,,,,2026-07-04,marhaba,https://marhaba.qa/business-lunch-deals-in-qatar/,,2026-06-13T17:46:48+00:00,cecconi-s,Cecconi's,,,,,,,
57,Power Hour at Champions,,QR 33 · 5pm - 8pm,,other,,,,2026-07-04,factqatar,https://factqatar.com/the-best-dining-deals-in-qatar/,,2026-06-13T17:46:48+00:00,champions-sports-bar,Champions Sports Bar,,,,Doha,,,
125,Special offer,,,,other,,,,2026-07-04,offernmenu,https://offernmenu.com/offer/coya-doha-buffet/,,2026-06-13T17:46:48+00:00,coya,Coya,,,,,,,
187,Lunch offer,,QAR130,,other,,,,2026-07-04,marhaba,https://marhaba.qa/business-lunch-deals-in-qatar/,,2026-06-13T17:46:48+00:00,coya,Coya,,,,,,,
58,Power Hour at Crossroads Kitchen,,QR 36 · 6pm to 9pm,,other,,,,2026-07-04,factqatar,https://factqatar.com/the-best-dining-deals-in-qatar/,,2026-06-13T17:46:48+00:00,crossroads-kitchen,Crossroads Kitchen,,,,Doha,,,
59,Express Business Lunch Buffet,,QR 105 · 12.30pm - 4pm,,set_menu,,,,2026-07-04,factqatar,https://factqatar.com/the-best-dining-deals-in-qatar/,,2026-06-13T17:46:48+00:00,crossroads-kitchen,Crossroads Kitchen,,,,Doha,,,
60,Pranzo Expresso Business Lunch,,QR 79 · 12pm - 4pm,,other,,,,2026-07-04,factqatar,https://factqatar.com/the-best-dining-deals-in-qatar/,,2026-06-13T17:46:48+00:00,cucina,Cucina,,,,,,,
61,Aroma d'Italia,,QR 39 · 4pm - 7pm,,other,,,,2026-07-04,factqatar,https://factqatar.com/the-best-dining-deals-in-qatar/,,2026-06-13T17:46:48+00:00,cucina,Cucina,,,,,,,
171,Lunch offer,,QAR79,,other,,,,2026-07-04,marhaba,https://marhaba.qa/business-lunch-deals-in-qatar/,,2026-06-13T17:46:48+00:00,cucina,Cucina,,,,,,,
159,Lunch offer,,QAR88,,other,,,,2026-07-04,marhaba,https://marhaba.qa/business-lunch-deals-in-qatar/,,2026-06-13T17:46:48+00:00,dalchini-restaurant,Dalchini Restaurant,,,,,,,
160,10% off,,QAR88,,discount_pct,10.0,,,2026-07-04,marhaba,https://marhaba.qa/business-lunch-deals-in-qatar/,,2026-06-13T17:46:48+00:00,dalchini-restaurant,Dalchini Restaurant,,,,,,,
161,Six people and above 10% off,,,,discount_pct,10.0,,,2026-07-04,marhaba,https://marhaba.qa/business-lunch-deals-in-qatar/,,2026-06-13T17:46:48+00:00,dalchini-restaurant,Dalchini Restaurant,,,,,,,
166,Price: Le Petit Menu:,,QAR150,,other,,,,2026-07-04,marhaba,https://marhaba.qa/business-lunch-deals-in-qatar/,,2026-06-13T17:46:48+00:00,dejeuner-d-affaires-business-lunch,Dejeuner d'Affaires (Business Lunch),,,,,,,
167,Le Petit Menu:,,QAR150,,other,,,,2026-07-04,marhaba,https://marhaba.qa/business-lunch-deals-in-qatar/,,2026-06-13T17:46:48+00:00,dejeuner-d-affaires-business-lunch,Dejeuner d'Affaires (Business Lunch),,,,,,,
168,Le Grand Menu:,,QAR190,,other,,,,2026-07-04,marhaba,https://marhaba.qa/business-lunch-deals-in-qatar/,,2026-06-13T17:46:48+00:00,dejeuner-d-affaires-business-lunch,Dejeuner d'Affaires (Business Lunch),,,,,,,
2,Outstanding Breakfast,,QR 120 · 6.30am - 11am,,set_menu,,,,2026-07-04,factqatar,https://factqatar.com/the-best-dining-deals-in-qatar/,,2026-06-13T17:46:48+00:00,deli-kitchen,Deli Kitchen,,,,Doha,,,
3,Go Healthy,,QR 99 · 12.30pm - 4pm,,other,,,,2026-07-04,factqatar,https://factqatar.com/the-best-dining-deals-in-qatar/,,2026-06-13T17:46:48+00:00,deli-kitchen,Deli Kitchen,,,,Doha,,,
34,Breakfast,,QR 150 · 6.30am - 11am,,set_menu,,,,2026-07-04,factqatar,https://factqatar.com/the-best-dining-deals-in-qatar/,,2026-06-13T17:46:48+00:00,elissar-mediterranean-grill,Elissar Mediterranean Grill,,,,Lusail,,,
7,Midday Escape,,QR 99 · 12.30pm - 4pm,,other,,,,2026-07-04,factqatar,https://factqatar.com/the-best-dining-deals-in-qatar/,,2026-06-13T17:46:48+00:00,elixir,Elixir,,,,Doha,,,
8,After Hours,,QR 99 · 4pm - 8pm,,other,,,,2026-07-04,factqatar,https://factqatar.com/the-best-dining-deals-in-qatar/,,2026-06-13T17:46:48+00:00,elixir,Elixir,,,,Doha,,,
156,Lunch offer,,QAR99,,other,,,,2026-07-04,marhaba,https://marhaba.qa/business-lunch-deals-in-qatar/,,2026-06-13T17:46:48+00:00,elixir-bar-cigar-lounge,Elixir - Bar & Cigar Lounge,,,,,,,
67,Wonderland Afternoon Tea,,QR 250 · 2pm - 7pm,,set_menu,,,,2026-07-04,factqatar,https://factqatar.com/the-best-dining-deals-in-qatar/,,2026-06-13T17:46:48+00:00,ellamia,Ellamia,,,,Doha,,,
136,Special offer,,,,other,,,,2026-07-04,offernmenu,https://offernmenu.com/offer/erodu-amman-mess/,,2026-06-13T17:46:48+00:00,erodu-amman-mess,Erodu Amman Mess,,,,Doha,,,
173,Lunch offer,,QAR145,,other,,,,2026-07-04,marhaba,https://marhaba.qa/business-lunch-deals-in-qatar/,,2026-06-13T17:46:48+00:00,fauchon,FAUCHON,,,,,,,
50,Flavour Lab Mixed Beverage Class,,QR 275 · 3pm - 5pm,,other,,,,2026-07-04,factqatar,https://factqatar.com/the-best-dining-deals-in-qatar/,,2026-06-13T17:46:48+00:00,farmore-thn-burger,Farmore Thn Burger,,,,Doha,,,
51,Power Hour,,QR 34 · 12pm - 8pm,,other,,,,2026-07-04,factqatar,https://factqatar.com/the-best-dining-deals-in-qatar/,,2026-06-13T17:46:48+00:00,farmore-thn-burger,Farmore Thn Burger,,,,Doha,,,
52,Farmore Birthday Feast,,,,discount_pct,40.0,,,2026-07-04,factqatar,https://factqatar.com/the-best-dining-deals-in-qatar/,,2026-06-13T17:46:48+00:00,farmore-thn-burger,Farmore Thn Burger,,,,Doha,,,
53,Hookah and Sip,,QR 95 · 3pm - 11pm,,other,,,,2026-07-04,factqatar,https://factqatar.com/the-best-dining-deals-in-qatar/,,2026-06-13T17:46:48+00:00,farmore-thn-burger,Farmore Thn Burger,,,,Doha,,,
165,Lunch offer,,QAR60,,other,,,,2026-07-04,marhaba,https://marhaba.qa/business-lunch-deals-in-qatar/,,2026-06-13T17:46:48+00:00,fuego,Fuego,,,,,,,
120,Special offer,,,,other,,,,2026-07-04,offernmenu,https://offernmenu.com/offer/fudo-restaurant-4/,,2026-06-13T17:46:48+00:00,f-do-restaurant,Fūdo Restaurant,,,,,,,
92,The Sunset Social,,QR 99 · 5pm - 8pm,,other,,,,2026-07-04,factqatar,https://factqatar.com/the-best-dining-deals-in-qatar/,,2026-06-13T17:46:48+00:00,habanos-cigar-bar,Habanos Cigar Bar,,,,Doha,,,
133,Special offer,,,,other,,,,2026-07-04,offernmenu,https://offernmenu.com/offer/happy-truffles-cafe/,,2026-06-13T17:46:48+00:00,happy-truffles-cafe,Happy Truffles Cafe,,,,,,,
143,Special offer,,,,other,,,,2026-07-04,offernmenu,https://offernmenu.com/offer/hemaliya-restaurant-barwa/,,2026-06-13T17:46:48+00:00,hemaliya-restaurant-barwa,Hemaliya Restaurant Barwa,,,,,,,
142,Special offer,,,,other,,,,2026-07-04,offernmenu,https://offernmenu.com/offer/hot-chicken-al-wakrah/,,2026-06-13T17:46:48+00:00,hot-chicken,Hot Chicken,,,,,,,
68,Burger Lovers,,,,discount_pct,50.0,,,2026-07-04,factqatar,https://factqatar.com/the-best-dining-deals-in-qatar/,,2026-06-13T17:46:48+00:00,hudson-tavern,Hudson Tavern,,,,Doha,,,
75,Buffet Breakfast,,QR 100 · 6am - 10.30am,,set_menu,,,,2026-07-04,factqatar,https://factqatar.com/the-best-dining-deals-in-qatar/,,2026-06-13T17:46:48+00:00,hyde-park-restaurant,Hyde Park Restaurant,,,,Doha,,,
76,Buffet Lunch,,QR 100 · 12pm - 2pm,,set_menu,,,,2026-07-04,factqatar,https://factqatar.com/the-best-dining-deals-in-qatar/,,2026-06-13T17:46:48+00:00,hyde-park-restaurant,Hyde Park Restaurant,,,,Doha,,,
77,Buffet Dinner,,QR 120 · 6pm - 10.30pm,,set_menu,,,,2026-07-04,factqatar,https://factqatar.com/the-best-dining-deals-in-qatar/,,2026-06-13T17:46:48+00:00,hyde-park-restaurant,Hyde Park Restaurant,,,,Doha,,,
17,Coastal Business Lunch,,QR 95 · 12pm - 4pm,,other,,,,2026-07-04,factqatar,https://factqatar.com/the-best-dining-deals-in-qatar/,,2026-06-13T17:46:48+00:00,ibn-albahr,Ibn AlBahr,,,,Doha,,,
18,The High Note,,"QR 180, · 4pm - 7pm",,set_menu,,,,2026-07-04,factqatar,https://factqatar.com/the-best-dining-deals-in-qatar/,,2026-06-13T17:46:48+00:00,infinity-rooftop-lounge,Infinity Rooftop Lounge,,,,Doha,,,
78,Business Lunch,,QR 99 · 12pm - 3.30pm,,set_menu,,,,2026-07-04,factqatar,https://factqatar.com/the-best-dining-deals-in-qatar/,,2026-06-13T17:46:48+00:00,inginuity,Inginuity,,,,Doha,,,
79,Steak Diane,,QR 130 · 3pm - 11pm,,other,,,,2026-07-04,factqatar,https://factqatar.com/the-best-dining-deals-in-qatar/,,2026-06-13T17:46:48+00:00,inginuity,Inginuity,,,,Doha,,,
80,Happy Hour,,QR 32 · 3pm - 10pm,,other,,,,2026-07-04,factqatar,https://factqatar.com/the-best-dining-deals-in-qatar/,,2026-06-13T17:46:48+00:00,inginuity,Inginuity,,,,Doha,,,
62,Churrascaria Dinner,,QR 295 · 6pm - 11.15pm,,set_menu,,,,2026-07-04,factqatar,https://factqatar.com/the-best-dining-deals-in-qatar/,,2026-06-13T17:46:48+00:00,ipanema,Ipanema,,,,Doha,,,
152,Special offer,,,,other,,,,2026-07-04,offernmenu,https://offernmenu.com/offer/khan-farouk-tarab-cafe-shisha/,,2026-06-13T17:46:48+00:00,khan-farouk-tarab-cafe-shisha,Khan Farouk Tarab Cafe (Shisha),,,,,,,
129,Special offer,,,,other,,,,2026-07-04,offernmenu,https://offernmenu.com/offer/leaf-and-roll-1780535295578/,,2026-06-13T17:46:48+00:00,leaf-and-roll,LEAF AND ROLL,,,,,,,
28,Ladies Brekke,,QR 75 · 6.30am - 11am,,set_menu,,,,2026-07-04,factqatar,https://factqatar.com/the-best-dining-deals-in-qatar/,,2026-06-13T17:46:48+00:00,la-gourmandise,La Gourmandise,,,,Doha,,,
29,Express Menu,,QR 74 · 12pm- 4pm,,other,,,,2026-07-04,factqatar,https://factqatar.com/the-best-dining-deals-in-qatar/,,2026-06-13T17:46:48+00:00,la-gourmandise,La Gourmandise,,,,Doha,,,
30,Afternoon Par-Tea,,QR 128 · 2pm - 6pm,,set_menu,,,,2026-07-04,factqatar,https://factqatar.com/the-best-dining-deals-in-qatar/,,2026-06-13T17:46:48+00:00,la-gourmandise,La Gourmandise,,,,Doha,,,
169,Lunch offer,,QAR85,,other,,,,2026-07-04,marhaba,https://marhaba.qa/business-lunch-deals-in-qatar/,,2026-06-13T17:46:48+00:00,la-maison-de-l-entrec-te,La Maison De L'Entrecôte,,,,,,,
23,French Breakfast,,QR 59 · 7am - 11am,,set_menu,,,,2026-07-04,factqatar,https://factqatar.com/the-best-dining-deals-in-qatar/,,2026-06-13T17:46:48+00:00,la-parisienne,La Parisienne,,,,Doha,,,
24,Late Breakfast,,QR 79 · 8am - 1pm,,set_menu,,,,2026-07-04,factqatar,https://factqatar.com/the-best-dining-deals-in-qatar/,,2026-06-13T17:46:48+00:00,la-parisienne,La Parisienne,,,,Doha,,,
25,Express Lunch,,QR 79 · 11am - 2pm,,other,,,,2026-07-04,factqatar,https://factqatar.com/the-best-dining-deals-in-qatar/,,2026-06-13T17:46:48+00:00,la-parisienne,La Parisienne,,,,Doha,,,
26,Award-Winning Afternoon Tea - Voted Doha's Favourite,,QR 135 · 2pm - 6pm,,set_menu,,,,2026-07-04,factqatar,https://factqatar.com/the-best-dining-deals-in-qatar/,,2026-06-13T17:46:48+00:00,la-parisienne,La Parisienne,,,,Doha,,,
185,Lunch offer,,QAR98,,other,,,,2026-07-04,marhaba,https://marhaba.qa/business-lunch-deals-in-qatar/,,2026-06-13T17:46:48+00:00,la-spiga-by-papermoon,La Spiga by Papermoon,,,,,,,
151,Special offer,,,,other,,,,2026-07-04,offernmenu,https://offernmenu.com/offer/layali-babal-hara-%d9%84%d9%8a%d8%a7%d9%84%d9%8a-%d8%a8%d8%a7%d8%a8-%d8%a7%d9%84%d8%ad%d8%a7%d8%b1%d8%a9-2/,,2026-06-13T17:46:48+00:00,layali-babal-hara,Layali Babal Hara - ليالي باب الحارة,,,,,,,
98,Timings:,,QR 475,,free_item,,,,2026-07-04,factqatar,https://factqatar.com/the-best-dining-deals-in-qatar/,,2026-06-13T17:46:48+00:00,le-petit-chef,Le Petit Chef,,,,Doha,,,
99,Afternoon Tea - Les Délices de Ledoux,,QR 280 · 3pm - 9pm,,set_menu,,,,2026-07-04,factqatar,https://factqatar.com/the-best-dining-deals-in-qatar/,,2026-06-13T17:46:48+00:00,ledoux,Ledoux,,,,West Bay,,,
35,Afternoon Tea,,QR 145 · 2pm - 8pm,,set_menu,,,,2026-07-04,factqatar,https://factqatar.com/the-best-dining-deals-in-qatar/,,2026-06-13T17:46:48+00:00,loleya-caf,Loleya Café,,,,Lusail,,,
36,Sweet Combo,,QR 45,,other,,,,2026-07-04,factqatar,https://factqatar.com/the-best-dining-deals-in-qatar/,,2026-06-13T17:46:48+00:00,loleya-caf,Loleya Café,,,,Lusail,,,
37,Gourmet Combo,,QR 95,,other,,,,2026-07-04,factqatar,https://factqatar.com/the-best-dining-deals-in-qatar/,,2026-06-13T17:46:48+00:00,loleya-caf,Loleya Café,,,,Lusail,,,
38,Weekend Breakfast,,QR 85 · 8am - 12pm,,set_menu,,,,2026-07-04,factqatar,https://factqatar.com/the-best-dining-deals-in-qatar/,,2026-06-13T17:46:48+00:00,loleya-caf,Loleya Café,,,,Lusail,,,
100,Business Lunch,,QR 99 · 1pm - 3pm,,other,,,,2026-07-04,factqatar,https://factqatar.com/the-best-dining-deals-in-qatar/,,2026-06-13T17:46:48+00:00,muru,MURU,,,,West Bay,,,
101,Happy Hour,,5pm - 8pm,,discount_pct,40.0,,,2026-07-04,factqatar,https://factqatar.com/the-best-dining-deals-in-qatar/,,2026-06-13T17:46:48+00:00,muru,MURU,,,,West Bay,,,
162,Lunch offer,,QAR59,,other,,,,2026-07-04,marhaba,https://marhaba.qa/business-lunch-deals-in-qatar/,,2026-06-13T17:46:48+00:00,mais-al-reem-restaurant,Mais Al Reem Restaurant,,,,,,,
181,Set menu,,QAR120,,set_menu,,,,2026-07-04,marhaba,https://marhaba.qa/business-lunch-deals-in-qatar/,,2026-06-13T17:46:48+00:00,malibu-kitchen,Malibu Kitchen,,,,,,,
81,Happy Hour,,QR 32 · 5.30pm - 1am,,other,,,,2026-07-04,factqatar,https://factqatar.com/the-best-dining-deals-in-qatar/,,2026-06-13T17:46:48+00:00,manhattan,Manhattan,,,,Doha,,,
184,Lunch offer,,QAR98,,other,,,,2026-07-04,marhaba,https://marhaba.qa/business-lunch-deals-in-qatar/,,2026-06-13T17:46:48+00:00,market-by-jean-georges,Market by Jean-Georges,,,,,,,
137,Special offer,,,,other,,,,2026-07-04,offernmenu,https://offernmenu.com/offer/matka-junction/,,2026-06-13T17:46:48+00:00,matka-junction,Matka Junction,,,,Doha,,,
115,Special offer,,,,other,,,,2026-07-04,offernmenu,https://offernmenu.com/offer/maxs-restaurant-2/,,2026-06-13T17:46:48+00:00,max-s-restaurant,Max's Restaurant,,,,,,,
69,Express Lunch,,QR 95 · 12.30pm - 3.30pm,,other,,,,2026-07-04,factqatar,https://factqatar.com/the-best-dining-deals-in-qatar/,,2026-06-13T17:46:48+00:00,mondrian-bistro,Mondrian Bistro,,,,,,,
70,Longest Breakfast in Town,,QR 99 · 7am - 12.30pm,,set_menu,,,,2026-07-04,factqatar,https://factqatar.com/the-best-dining-deals-in-qatar/,,2026-06-13T17:46:48+00:00,mondrian-bistro,Mondrian Bistro,,,,,,,
175,Lunch offer,,QAR95,,other,,,,2026-07-04,marhaba,https://marhaba.qa/business-lunch-deals-in-qatar/,,2026-06-13T17:46:48+00:00,mondrian-bistro,Mondrian Bistro,,,,,,,
71,After Work,,QR 50 · 6pm - 9pm,,other,,,,2026-07-04,factqatar,https://factqatar.com/the-best-dining-deals-in-qatar/,,2026-06-13T17:46:48+00:00,morimoto,Morimoto,,,,,,,
72,An Oceanic Four-Hand Omakase Journey,,QR 690 · 6pm - 11pm,,other,,,,2026-07-04,factqatar,https://factqatar.com/the-best-dining-deals-in-qatar/,,2026-06-13T17:46:48+00:00,morimoto,Morimoto,,,,,,,
73,Art of Nigiri,,QR 350,,other,,,,2026-07-04,factqatar,https://factqatar.com/the-best-dining-deals-in-qatar/,,2026-06-13T17:46:48+00:00,morimoto,Morimoto,,,,,,,
10,Yum Seng Hour,,QR 108 · 12.30pm to 12am,,other,,,,2026-07-04,factqatar,https://factqatar.com/the-best-dining-deals-in-qatar/,,2026-06-13T17:46:48+00:00,mr-mrs-hawker,Mr & Mrs Hawker,,,,,,,
157,Signature 88 Guests can tuck into the Signature 88 Set Lunch from Satu,,QAR88,,set_menu,,,,2026-07-04,marhaba,https://marhaba.qa/business-lunch-deals-in-qatar/,,2026-06-13T17:46:48+00:00,mr-mrs-hawker,Mr & Mrs Hawker,,,,,,,
158,Price: Three hour-course menu,,QAR88,,other,,,,2026-07-04,marhaba,https://marhaba.qa/business-lunch-deals-in-qatar/,,2026-06-13T17:46:48+00:00,mr-mrs-hawker,Mr & Mrs Hawker,,,,,,,
91,Timings:,,QR 595 · 7pm - 9pm,,other,,,,2026-07-04,factqatar,https://factqatar.com/the-best-dining-deals-in-qatar/,,2026-06-13T17:46:48+00:00,omakase,Omakase,,,,Doha,,,
82,Happy Hour,,QR 32 · 7pm - 10pm,,other,,,,2026-07-04,factqatar,https://factqatar.com/the-best-dining-deals-in-qatar/,,2026-06-13T17:46:48+00:00,orion,Orion,,,,Doha,,,
83,Hookah,,QR 89 · 6pm - 1am,,other,,,,2026-07-04,factqatar,https://factqatar.com/the-best-dining-deals-in-qatar/,,2026-06-13T17:46:48+00:00,orion,Orion,,,,Doha,,,
111,Special offer,,,,other,,,,2026-07-04,offernmenu,https://offernmenu.com/offer/oryx-zaatar-2/,,2026-06-13T17:46:48+00:00,oryx-zaatar,Oryx Zaatar,,,,,,,
123,Special offer,,,,other,,,,2026-07-04,offernmenu,https://offernmenu.com/offer/osha-asian-bistro-buffet/,,2026-06-13T17:46:48+00:00,osha-asian-bistro-buffet,Osha Asian Bistro (Buffet),,,,,,,
113,Special offer,,,,other,,,,2026-07-04,offernmenu,https://offernmenu.com/offer/papa-johns-pizza-39/,,2026-06-13T17:46:48+00:00,papa-john-s-pizza,Papa John's Pizza,,,,,,,
4,Lunch Set Menu,,QR 150 · 12.30pm - 4pm,,set_menu,,,,2026-07-04,factqatar,https://factqatar.com/the-best-dining-deals-in-qatar/,,2026-06-13T17:46:48+00:00,parisa,Parisa,,,,,,,
5,Persian Lunch,,QR 180 · 12.30pm - 4pm,,other,,,,2026-07-04,factqatar,https://factqatar.com/the-best-dining-deals-in-qatar/,,2026-06-13T17:46:48+00:00,parisa,Parisa,,,,,,,
6,Unlimited Family Style Set Menu,,QR 195 · 12.30pm - 4pm,,set_menu,,,,2026-07-04,factqatar,https://factqatar.com/the-best-dining-deals-in-qatar/,,2026-06-13T17:46:48+00:00,parisa,Parisa,,,,,,,
154,Lunch offer,,QAR109,,other,,,,2026-07-04,marhaba,https://marhaba.qa/business-lunch-deals-in-qatar/,,2026-06-13T17:46:48+00:00,parisa,Parisa,,,,,,,
148,Special offer,,,,other,,,,2026-07-04,offernmenu,https://offernmenu.com/offer/patio-walima-shisha/,,2026-06-13T17:46:48+00:00,patio-walima-shisha,Patio Walima (Shisha),,,,,,,
102,Afternoon Tea,,QR 280 · 3pm - 9pm,,set_menu,,,,2026-07-04,factqatar,https://factqatar.com/the-best-dining-deals-in-qatar/,,2026-06-13T17:46:48+00:00,peacock-alley,Peacock Alley,,,,West Bay,,,
110,Special offer,,,,other,,,,2026-07-04,offernmenu,https://offernmenu.com/offer/pizza-box-offer/,,2026-06-13T17:46:48+00:00,pizza-box,Pizza Box,,,,,,,
11,Hop O' Clock,,QR 175 · 3pm - 6pm,,other,,,,2026-07-04,factqatar,https://factqatar.com/the-best-dining-deals-in-qatar/,,2026-06-13T17:46:48+00:00,pool-bar,Pool Bar,,,,Doha,,,
174,Lunch offer,,QAR95,,other,,,,2026-07-04,marhaba,https://marhaba.qa/business-lunch-deals-in-qatar/,,2026-06-13T17:46:48+00:00,public-house,Public House,,,,,,,
63,Quickbites Hour,,6pm - 9pm,,discount_pct,50.0,,,2026-07-04,factqatar,https://factqatar.com/the-best-dining-deals-in-qatar/,,2026-06-13T17:46:48+00:00,quick-bites,Quick Bites,,,,Doha,,,
126,Special offer,,,,other,,,,2026-07-04,offernmenu,https://offernmenu.com/offer/d-grill-restaurant-1781028071189/,,2026-06-13T17:46:48+00:00,restaurant,Restaurant,,,,,,,
132,Special offer,,,,other,,,,2026-07-04,offernmenu,https://offernmenu.com/offer/riyadh-al-oasis-wakra/,,2026-06-13T17:46:48+00:00,riyadh-al-oasis,Riyadh Al Oasis,,,,,,,
84,Hong Shi Banya (Catch of the Day),,QR 85 · 6pm - 11pm,,other,,,,2026-07-04,factqatar,https://factqatar.com/the-best-dining-deals-in-qatar/,,2026-06-13T17:46:48+00:00,ruby-wu-s,Ruby Wu's,,,,Doha,,,
85,Grape & Dine 88,,QR 88 · 6pm - 11pm,,other,,,,2026-07-04,factqatar,https://factqatar.com/the-best-dining-deals-in-qatar/,,2026-06-13T17:46:48+00:00,ruby-wu-s,Ruby Wu's,,,,Doha,,,
144,Special offer,,,,other,,,,2026-07-04,offernmenu,https://offernmenu.com/offer/stanley-cafe-%d9%85%d9%82%d9%87%d9%89-%d8%b3%d8%aa%d8%a7%d9%86%d9%84%d9%89/,,2026-06-13T17:46:48+00:00,stanley-cafe,STANLEY CAFE مقهى ستانلى,,,,,,,
95,Business Lunch,,QR 95 · 12pm - 3.30pm,,other,,,,2026-07-04,factqatar,https://factqatar.com/the-best-dining-deals-in-qatar/,,2026-06-13T17:46:48+00:00,stk-doha,STK Doha,,,,Doha,,,
96,Saturday Roast,,QR 175 · 12.30pm - 5pm,,other,,,,2026-07-04,factqatar,https://factqatar.com/the-best-dining-deals-in-qatar/,,2026-06-13T17:46:48+00:00,stk-doha,STK Doha,,,,Doha,,,
97,Happy Times,,QR 35 · 4pm - 7pm,,other,,,,2026-07-04,factqatar,https://factqatar.com/the-best-dining-deals-in-qatar/,,2026-06-13T17:46:48+00:00,stk-doha,STK Doha,,,,Doha,,,
122,Special offer,,,,other,,,,2026-07-04,offernmenu,https://offernmenu.com/offer/sahra-restaurant-and-lounge-buffet/,,2026-06-13T17:46:48+00:00,sahra-restaurant-and-lounge,Sahra Restaurant and Lounge,,,,,,,
147,Special offer,,,,other,,,,2026-07-04,offernmenu,https://offernmenu.com/offer/sahra-restaurant-and-lounge-shisha/,,2026-06-13T17:46:48+00:00,sahra-restaurant-and-lounge-shisha,Sahra Restaurant and Lounge (Shisha),,,,,,,
93,Parisian Breakfast,,QR 150 · 10am - 2pm,,set_menu,,,,2026-07-04,factqatar,https://factqatar.com/the-best-dining-deals-in-qatar/,,2026-06-13T17:46:48+00:00,sel-miel,Sel & Miel,,,,Doha,,,
94,Business Lunch,,QR 95 · 12pm - 4pm,,other,,,,2026-07-04,factqatar,https://factqatar.com/the-best-dining-deals-in-qatar/,,2026-06-13T17:46:48+00:00,sel-miel,Sel & Miel,,,,Doha,,,
86,Happy Hour,,QR 37 · 5pm - 1am,,other,,,,2026-07-04,factqatar,https://factqatar.com/the-best-dining-deals-in-qatar/,,2026-06-13T17:46:48+00:00,shehrazad-lounge-bar-terrace,Shehrazad Lounge Bar & Terrace,,,,Doha,,,
87,Taste of Africa,,QR 50 · 5pm - 1am,,other,,,,2026-07-04,factqatar,https://factqatar.com/the-best-dining-deals-in-qatar/,,2026-06-13T17:46:48+00:00,shehrazad-lounge-bar-terrace,Shehrazad Lounge Bar & Terrace,,,,Doha,,,
88,S & S Roast,,QR 99,,other,,,,2026-07-04,factqatar,https://factqatar.com/the-best-dining-deals-in-qatar/,,2026-06-13T17:46:48+00:00,shehrazad-lounge-bar-terrace,Shehrazad Lounge Bar & Terrace,,,,Doha,,,
121,Special offer,,,,other,,,,2026-07-04,offernmenu,https://offernmenu.com/offer/sherao-restaurant/,,2026-06-13T17:46:48+00:00,sherao-restaurant,Sherao Restaurant,,,,Doha,,,
116,Special offer,,,,other,,,,2026-07-04,offernmenu,https://offernmenu.com/offer/shisha-garden-la-cigale-hotel/,,2026-06-13T17:46:48+00:00,shisha-garden-la-cigale-hotel,Shisha Garden -La Cigale Hotel,,,,,,,
186,Lunch offer,,QAR98,,other,,,,2026-07-04,marhaba,https://marhaba.qa/business-lunch-deals-in-qatar/,,2026-06-13T17:46:48+00:00,spice-market,Spice Market,,,,,,,
114,Special offer,,,,other,,,,2026-07-04,offernmenu,https://offernmenu.com/offer/swiss-bellinn-doha-2/,,2026-06-13T17:46:48+00:00,swiss-bellinn,Swiss-Bellinn,,,,Doha,,,
155,Lunch offer,,QAR109,,other,,,,2026-07-04,marhaba,https://marhaba.qa/business-lunch-deals-in-qatar/,,2026-06-13T17:46:48+00:00,taj-rasoi,Taj Rasoi,,,,,,,
135,Special offer,,,,other,,,,2026-07-04,offernmenu,https://offernmenu.com/offer/tannour-al-thumama/,,2026-06-13T17:46:48+00:00,tannour-al-thumama,Tannour Al Thumama,,,,Doha,,,
150,Special offer,,,,other,,,,2026-07-04,offernmenu,https://offernmenu.com/offer/terrace-by-21-high-st-2/,,2026-06-13T17:46:48+00:00,terrace-by-21-high-st-shisha,Terrace by 21 High St. (Shisha),,,,,,,
27,Express Lunch,,QR 69 · 12pm - 3pm,,set_menu,,,,2026-07-04,factqatar,https://factqatar.com/the-best-dining-deals-in-qatar/,,2026-06-13T17:46:48+00:00,the-asian-kitchen,The Asian Kitchen,,,,Doha,,,
163,Lunch offer,,QAR125,,other,,,,2026-07-04,marhaba,https://marhaba.qa/business-lunch-deals-in-qatar/,,2026-06-13T17:46:48+00:00,the-cellar,The Cellar,,,,,,,
103,Happy Hour,,5pm - 8pm,,discount_pct,40.0,,,2026-07-04,factqatar,https://factqatar.com/the-best-dining-deals-in-qatar/,,2026-06-13T17:46:48+00:00,the-cortland-bar,The Cortland Bar,,,,West Bay,,,
39,Social Hour,,QR 33 · 4pm - 8pm,,other,,,,2026-07-04,factqatar,https://factqatar.com/the-best-dining-deals-in-qatar/,,2026-06-13T17:46:48+00:00,the-g-o-a-t-sports-lounge,The G.O.A.T Sports Lounge,,,,Lusail,,,
127,Special offer,,,,other,,,,2026-07-04,offernmenu,https://offernmenu.com/offer/the-lebanese-bakery-1780540279156/,,2026-06-13T17:46:48+00:00,the-lebanese-bakery,The Lebanese Bakery,,,,,,,
43,Timings:,,QR 350 · 8am - 1am,,other,,,,2026-07-04,factqatar,https://factqatar.com/the-best-dining-deals-in-qatar/,,2026-06-13T17:46:48+00:00,the-mandarin-cake-shop,The Mandarin Cake Shop,,,,Doha,,,
128,Special offer,,,,other,,,,2026-07-04,offernmenu,https://offernmenu.com/offer/the-raclette-1780537879265/,,2026-06-13T17:46:48+00:00,the-raclette,The Raclette,,,,,,,
12,Lunch Decisions,,QR 98 · 12.30pm - 3.30pm,,set_menu,,,,2026-07-04,factqatar,https://factqatar.com/the-best-dining-deals-in-qatar/,,2026-06-13T17:46:48+00:00,the-salt-road-doha,The Salt Road Doha,,,,Doha,,,
138,Special offer,,,,other,,,,2026-07-04,offernmenu,https://offernmenu.com/offer/treffen-house/,,2026-06-13T17:46:48+00:00,treffen-house,Treffen House,,,,,,,
104,Breakfast Market,,QR 180 · 6.30am - 11am,,set_menu,,,,2026-07-04,factqatar,https://factqatar.com/the-best-dining-deals-in-qatar/,,2026-06-13T17:46:48+00:00,tribeca-market,Tribeca Market,,,,West Bay,,,
64,Tulum Hour,,QR 33 · 4pm - 7pm,,other,,,,2026-07-04,factqatar,https://factqatar.com/the-best-dining-deals-in-qatar/,,2026-06-13T17:46:48+00:00,tulum,Tulum,,,,Doha,,,
65,Hookah Bliss,,QR 130 · 12pm - 12am,,other,,,,2026-07-04,factqatar,https://factqatar.com/the-best-dining-deals-in-qatar/,,2026-06-13T17:46:48+00:00,tulum,Tulum,,,,Doha,,,
134,Special offer,,,,other,,,,2026-07-04,offernmenu,https://offernmenu.com/offer/utika/,,2026-06-13T17:46:48+00:00,utika,Utika,,,,Lusail,,,
66,Alice in Wonderland Afternoon Tea,,"QR 145, · 2pm - 6pm",,set_menu,,,,2026-07-04,factqatar,https://factqatar.com/the-best-dining-deals-in-qatar/,,2026-06-13T17:46:48+00:00,west-end-caf-and-patisserie,West End Café and Patisserie,,,,Doha,,,
105,Business Lunch,,QR 99 · 12pm - 3pm,,other,,,,2026-07-04,factqatar,https://factqatar.com/the-best-dining-deals-in-qatar/,,2026-06-13T17:46:48+00:00,yun,YUN,,,,West Bay,,,
106,Happy Hour,,5pm - 8pm,,discount_pct,40.0,,,2026-07-04,factqatar,https://factqatar.com/the-best-dining-deals-in-qatar/,,2026-06-13T17:46:48+00:00,yun,YUN,,,,West Bay,,,
119,Special offer,,,,other,,,,2026-07-04,offernmenu,https://offernmenu.com/offer/yellow-cab-pizza/,,2026-06-13T17:46:48+00:00,yellow-cab-pizza,Yellow Cab Pizza,,,,,,,
117,Special offer,,,,other,,,,2026-07-04,offernmenu,https://offernmenu.com/offer/yummy-taste-restaurant-2/,,2026-06-13T17:46:48+00:00,yummy-taste-restaurant,Yummy taste restaurant,,,,,,,
107,Offer from QR 10,,From QR 10,,other,,,,2026-07-04,offernmenu,https://offernmenu.com/offer/dairy-queen-offer-doha-10-qar-1781028938188/,,2026-06-13T17:46:48+00:00,dairy-queen,dairy Queen,,,,Doha,,,
109,Special offer,,,,other,,,,2026-07-31,offernmenu,https://offernmenu.com/offer/dalchini-restaurant-2/,,2026-06-13T17:46:48+00:00,dalchini-restaurant,Dalchini Restaurant,,,,,,,
